nama_obat;golongan_obat;golongan_obat_id;satuan_obat;satuan_obat_id;bobot_obat;bobot_obat_id;komposisi_obat;"Harga
Per Tablet/Pcs"
Alpara Tab;Obat Bebas Terbatas;4;Tablet;19;"1 Box isi 12 Strip
 1 Strip isi 10 Tab";44;Paracetamol 500mg, phenylpropanolamine 12,5mg, CTM 2 mg, DMP 15 mg;Rp1.281,00
Ambroxol 30 mg;Obat Keras;5;Tablet;19;"1 Box isi 10 Strip
 1 Strip isi 10 Tab";39;Ambroxol 30 mg;Rp400,00
Bisolvon Tab;Obat Keras;5;Tablet;19;"1 Box isi 10 Strip
 1 Strip isi 10 Tab";39;Bromhexine 8 mg;Rp2.300,00
Demacolin Tab;Obat Bebas Terbatas;4;Tablet;19;"1 Box isi 10 Strip
 1 Strip isi 10 Tab";39;Paracetamol 500mg, Pseudoefedrin HCL 7.5mg, CTM 2mg;Rp500,00
Dextral Tab;Obat Bebas Terbatas;4;Tablet;19;"1 Box isi 10 Strip
 1 Strip isi 10 Tab";39;DMP 10mg, Guaifenesin 50mg, Phenylpropanolamine 12.5mg, CTM 1mg;Rp450,00
Daryant Tulle Sachet;Obat Keras;5;Sachet;12;1 Box isi 10 Sachet;37;Framycetin Sulfate;Rp29.400,00
Eflin Tab;Obat Keras;5;Tablet;19;"1 Box isi 10 Strip
 1 Strip isi 10 Tab";39;Triprolidine HCl 2.5 mg, Pseudoephedrine HCl 60 mg;Rp2.000,00
Erdostein 300 mg;Obat Keras;5;Tablet;19;"1 Box isi 2 Strip
 1 Strip isi 10 Tab";46;Erdostein 300 mg;Rp2.850,00
Flutrop Tab;Obat Keras;5;Tablet;19;"1 Box isi 10 Strip
 1 Strip isi 10 Tab";39;Pseudoefedrin 30mg, Tripolidine 2.5mg;Rp1.000,00
Guafanesin 100 mg;Obat Keras;5;Tablet;19;"1 Box isi 10 Strip
 1 Strip isi 10 Tab";39;Guafanesin 100 mg;Rp200,00
Librofed Tab;Obat Keras;5;Tablet;19;"1 Box isi 10 Strip
 1 Strip isi 10 Tab";39;Tripolidine HCl 2,5mg dan Pseudoephedrine HCl 30mg;Rp1.500
Neomethor Tab;Obat Keras;5;Tablet;19;"1 Box isi 10 Strip
 1 Strip isi 10 Tab";39;Dextromethorphan HBr 15 mg, Diphenhydramine HCl 10.;Rp400,00
Paratusin Tab;Obat Keras;5;Tablet;19;"1 Box isi 20 Strip
 1 Strip isi 10 Tab";51;"Paracetamol 500 mg,Guaifenesin 50 mg, Noscapin 10, Phenylpropanolamin 15 mg,
Chorphenamin Maleat 2";Rp1.450,00
Rhinos Sr;Obat Keras;5;Kapsul;10;"1 Box isi 10 Strip
 1 Strip isi 10 Tab";39;Loratadine 5mg, Pseudoephedrine HCI 60 mg;Rp10.000,00
Roverton Tab;Obat Keras;5;Tablet;19;"1 Box isi 10 Strip
 1 Strip isi 10 Tab";39;Ambroxol 30 mg;Rp200,00
Salbutamol 4 mg;Obat Keras;5;Tablet;19;"1 Box isi 10 Strip
 1 Strip isi 10 Tab";39;Salbutamol 4 mg;Rp200,00
Strepsils;Obat Bebas;3;Tablet;19;1 Box isi 24 Butir;54;"Amylmetacresol 0.6 mg, Dibenal 1.2 mg, Madu 132.6 mg, Pappermint Oil,
Terpeneless Lemon, Asam tartarat, Gula, Glukosa Cair, Pewarna Kuning Kuinolin";Rp1.400,00
Alloris 10 mg;Obat Keras;5;Tablet;19;"1 Box isi 10 Strip
 1 Strip isi 10 Tab";39;Loratadine 10 mg;Rp6.420,00
Cetirizin 10 mg;Obat Bebas Terbatas;4;Tablet;19;"1 Box isi 10 Strip
 1 Strip isi 10 Tab";39;Cetirizin 10 mg;Rp500,00
Chlorphenamine Maleate 4 mg;Obat Bebas Terbatas;4;Tablet;19;"1 Box isi 10 Strip
 1 Strip isi 10 Tab";39;Chlorphenamine Maleate 4 mg;Rp100,00
Dexaharsen 0.75 mg;Obat Bebas;3;Tablet;19;"1 Box isi 20 Strip
 1 Strip isi 10 Tab";51;Dexamethasone 0.75mg;Rp190,00
Dexteem Plus Tab;Obat Keras;5;Tablet;19;"1 Box isi 10 Strip
 1 Strip isi 10 Tab";39;Dexchlorpheniramine Maleate 2, Dexamethasone 0,5;Rp240,00
Incidal-OD 10 mg;Obat Bebas Terbatas;4;Tablet;19;"1 Box isi 10 Strip
 1 Strip isi 10 Tab";39;Cetirizine 10 mg;Rp3.400,00
Lameson 8 mg;Obat Keras;5;Tablet;19;"1 Box isi 10 Strip
 1 Strip isi 10 Tab";39;Methylprednisolone 8mg;Rp7.500,00
Methylprednisolon 4 mg;Obat Keras;5;Tablet;19;"1 Box isi 10 Strip
 1 Strip isi 10 Tab";39;Methylprednisolon 4 mg;Rp225,00
Prednison 5 mg;Obat Keras;5;Tablet;19;"1 Box isi 10 Strip
 1 Strip isi 10 Tab";39;Prednison 5 mg;Rp300,00
Antasida Doen Tab;Obat Bebas;3;Tablet;19;"1 Box isi 10 Strip
 1 Strip isi 10 Tab";39;Magnesium Hidroksida 200 mg, Aluminium Hidroksida 200 mg;Rp160,00
Ardium 500 mg;Jamu;2;Tablet;19;"1 Box isi 4 Blister
 1 Blister isi 15 Tab";62;Ekstrak citrus sinensis pericarpum (diosmin 90% ), hesperidin, Mikronisasi flavonoid;Rp9.800,00
Becantex 100 mg;Obat Keras;5;Tablet;19;"1 Box isi 10 Strip
 1 Strip isi 10 Tab";39;Rebamipid 100 mg;Rp4.340,00
Domperidone 10 mg;Obat Keras;5;Tablet;19;"1 Box isi 10 Strip
 1 Strip isi 10 Tab";39;Domperidone 10 mg;Rp225,00
Dulcolax Suppositoria 10 mg;Obat Keras;5;Tablet;19;1 Box isi 50 Supp;69;Bisacodyl 10 mg;Rp4.750,00
Dulcolax Tab;Obat Keras;5;Tablet;19;"1 Box isi Amplop
 1 Amplop isi 4 Tab";74;Bisacodyl 5 mg;Rp1.500,00
Esomeprazol 20 mg;Obat Bebas;3;Tablet;19;"1 Box isi 3 Strip
 1 Strip isi 10 Tab";58;Esomeprazole Magnesium 20 mg;Rp12.200,00
Faktu Suppositoria;Obat Keras;5;Tablet;19;1 Box isi 10 Supp;41;Policresulen 100mg, Cinchocaine 2.5mg;Rp8.500,00
Imodium 2 mg;Obat Keras;5;Tablet;19;"1 Box isi 10 Strip
 1 Strip isi 10 Tab";39;Loperamid 2 mg;Rp11.640,00
Lansoprazole 30 mg;Obat Bebas;3;Kapsul;10;"1 Box isi 2 Strip
 1 Strip isi 10 Tab";46;Lansoprazole 30 mg;Rp875,00
L-Bio;Obat Bebas;3;Sachet;12;1 Box isi 30 Sachet;61;"Rice starch, Maltodextrin, Lactobacillus Acidophilus, Lactobacillus Casei,
Lactobacillus Salivarius, Bifidobacterium Infantis, Bifidobacterium Lactis,
Bifidobacterium Longum, Lactobacillus Lactis";Rp12.900,00
Loperamid 2 mg;Obat Keras;5;Tablet;19;"1 Box isi 10 Strip
 1 Strip isi 10 Tab";39;Loperamid 2 mg;Rp300,00
Metoclopramid 5 mg;Obat Keras;5;Tablet;19;"1 Box isi 10 Strip
 1 Strip isi 10 Tab";39;Metoclopramid 5 mg;Rp194,00
Molagit Tab;Obat Bebas;3;Tablet;19;"1 Box isi 20 Strip
 1 Strip isi 10 Tab";51;Attafulgite 100m, Pectin 50mg;Rp453,00
Norit Tab;Obat Bebas;3;Tablet;19;1 Box isi 10 Pcs;36;Karbon Aktivatus 125 mg, Excipients Ad 325 mg;Rp19.500,00
Omeprazole 20 mg;Obat Bebas;3;Kapsul;10;"1 Box isi 3 Strip
 1 Strip isi 10 Tab";58;Omeprazole 20 mg;Rp416,00
Ondancentron 4 mg;Obat Bebas;3;Tablet;19;"1 Box isi 10 Strip
 1 Strip isi 10 Tab";39;Ondancentron 4 mg;Rp2.100,00
Oralit 200;Obat Bebas;3;Sachet;12;1 Box isi 100 Pcs;43;"Glukosa anhidrat 2,7 gram. Kalium klorida 0,3 gram. Natrium Klorida 0,52 gram.
Trisodium sitrat dihidrat 0,58 gram.";Rp240,00
Ranitidin 150 mg;Obat Bebas;3;Tablet;19;"1 Box isi 10 Strip
 1 Strip isi 10 Tab";39;Ranitidin 150 mg;Rp225,00
Rebamipid 100 mg;Obat Keras;5;Tablet;19;"1 Box isi 10 Strip
 1 Strip isi 10 Tab";39;Rebamipid 100 mg;Rp3.300,00
Spasminal Tab;Obat Keras;5;Tablet;19;"1 Box isi 10 Strip
 1 Strip isi 10 Tab";39;Metamizole Na 500 mg, belladonna extr 10 mg, papaverine HCl 25 mg.;Rp850,00
Sucralfat 500 mg;Obat Keras;5;Tablet;19;"1 Box isi 10 Strip
 1 Strip isi 10 Tab";39;Sucralfat 500 mg;Rp1.400,00
Venaron Capsul;jamu;2;Kapsul;10;"1 Box isi 10 Strip
 1 Strip isi 10 Tab";39;Ekstrak Sapora japanicae Flos 100mg, Citrus aurantum Fructus 450mg;Rp2.600,00
Xepazym Tab;Obat Bebas;3;Tablet;19;"1 Box isi 5 Strip
 1 Strip isi 6 Tab";66;Pancreatin 170 mg, Simethicone 80;Rp3.000,00
Zinc sulfat 20 mg;Obat Bebas;3;Tablet;19;"1 Box isi 10 Strip
 1 Strip isi 10 Tab";39;Zinc sulfat 20 mg;Rp400,00
Becom C;Obat Bebas;3;Tablet;19;"1 Box isi 10 Strip
 1 Strip isi 10 Tab";39;"Vitamin B1 50 mg, Vitamin B2 25 mg, Vitamin B6 10 mg, Vitamin B12 5 mcg,
Vitamin C 500 mg, Nicotinamide 100 mg, Asam pantotenat 18.4 mg";Rp1.608,00
Becom Zet;Obat Bebas;3;Kaplet;9;"1 Box isi 10 Strip
 1 Strip isi 10 Tab";39;"Vitamin E 30 IU, Vitamin B1 15 mg, Vitamin B2 15 mg, Vitamin B6 20 mg,
Vitamin B12 mcg, Asam folat 400 mcg, Asam Pantotenate 20 mg,
Niacin 100 mg, Vitamin C 750 mg, Zinc 22.5 mg.";Rp19.500
Bionicom Zinc;Obat Bebas;3;Kaplet;9;"1 Box isi 10 Strip
 1 Strip isi 10 Tab";39;"Thiamine HCI (vitamin B1) 15 mg, Riboflavin (vitamin B2) 15 mg,
Pyridoxine HCI (Vitamin B6) 20 mg, Cyanocobalamin (vitamin B12) 12 mcg,
Folic Acid 400 mg, Ascorbic Acid (Vitamin C) 750 mg,
Calcium Pantothenate 20 mg, Zinc Picolinat 22.5 mg, dan Vitamin E 30 mg";Rp19.500
Calcium laktat Tab;Obat Bebas;3;Tablet;19;"1 Box isi 10 Strip
 1 Strip isi 10 Tab";39;Calcium laktat 500 mg;
Caviplex Tab;Obat Bebas;3;Tablet;19;"1 Box isi 10 Strip
 1 Strip isi 10 Tab";39;Vitamin A 4000 iu, Vitamin D 400 iu, Vitamin B1 3 mg, Vitamin B2 4 mg, Vitamin B6 4 mg, Vitamin B12 12 mcg, Vitamin C 75 mg Nikotinamid 20 mg;Rp500,00
Curcuma Tab;jamu;2;Tablet;19;"1 Box isi 10 Strip
 1 Strip isi 12 Tab";40;Extrak Curcuma xanthorrhiza Rhozoma;Rp1.300,00
Curliv Plus;Obat Bebas;3;Tablet;19;"1 Box isi 6 Strip
 1 Strip isi 10 Tab";72;Silymarin Phytosome 35 mg, Ekstrak Schisandrae Fructus 135 mg, Ekstrak Curcumae Xanthorrhizae Rhizoma 150 mg, Ekstrak Liquiritiae Radix 135 mg, Choline Bitartrate 150 mg, Vitamin B6 HCL 2 mg;Rp47.000
Enervon Active;Obat Bebas;3;Botol;1;1 Botol isi 30 Tab;21;Vitamin C (Kalsium Askorbat) 500 mg, Vitamin B1 (Tiamin Mononitrat) 50 mg, Vitamin B2 (Riboflavin) 25 mg, Vitamin B6 (Piridoksin Hcl) 10 mg, Vitamin B12 5 mcg, Kalsium Pantotenat 20 mg, Niasinamida 50 mg, Zinc 10 mg;Rp57.100
Glucosamine MPL;Obat Bebas;3;Tablet;19;"1 Box isi 10 Strip
 1 Strip isi 10 Tab";39;Glucosamine 250 mg;Rp1.454
Imboost Plus;Obat Bebas;3;Tablet;19;"1 Box isi 5 Strip
 1 Strip isi 10 Tab";65;Ekstrak echinachea purpurea 250 mg dan zinc picolinate 10 mg;Rp9.900
Neurodex Tab;Obat Bebas;3;Tablet;19;"1 Box isi 20 Strip
 1 Strip isi 10 Tab";51;Vitamin B1 mononitrate 100 mg Vitamin B6 HCl 200 mg Vitamin B12 200 mcg.;Rp500,00
Phytomenadione 10 mg;Obat Bebas;3;Tablet;19;"1 Box isi 10 Strip
 1 Strip isi 10 Tab";39;Phytomenadione 10 mg;Rp1.710,00
Prove E 400 IU;Obat Bebas;3;Kapsul;10;1 Botol isi 60 Caps;25;Natural vitamin E 400 IU;Rp200.200,00
PSIDII Capsul;Obat Bebas;3;Tablet;19;1 Botol isi 50 Tab;23;Ekstrak daun jambu (Psidii folium extract);Rp426.400,00
Sangobion Capsul;Obat Bebas;3;Tablet;19;"1 Box isi 10 Strip
 1 Strip isi 10 Tab";39;"Ferrous Gluconate 250 mg Manganese Sulfate 0, 2 mg Copper Sulfate 0, 2 mg
Vitamin C 50, 0 mg Asam Folat / Folic Acid 1,0 mg Vitamin B 12 7, 5 mcg";Rp3.500,00
Vitacimin Tab;Obat Bebas;3;Tablet;19;"1 Box isi 50 Strip
 1 Strip isi 2 Tab";68;"Vitamin C 75 mg, vitamin B2 15 mg, vitamin B6 50 mg, nicotinamide 30 mg,
L-cysteine 30 mg, biotin 0,0375 mg";Rp1.000,00
Asam Mefenamat 500 mg;Obat Keras;5;Tablet;19;"1 Box isi 10 Strip
 1 Strip isi 10 Tab";39;Asam Mefenamat 500 mg;Rp280,00
Emturnas Forte 650 mg;Obat Keras;5;Tablet;19;"1 Box isi 10 Strip
 1 Strip isi 10 Tab";39;Paracetamol 650 mg;Rp630,00
Eperison 50 mg;Obat Keras;5;Tablet;19;"1 Box isi 10 Strip
 1 Strip isi 10 Tab";39;Eperison 50 mg;Rp4.150,00
Erlamol Forte 650 mg;Obat Keras;5;Tablet;19;"1 Box isi 10 Strip
 1 Strip isi 10 Tab";39;Paracetamol 650 mg;Rp600,00
Etafen 400 mg;Obat Keras;5;Tablet;19;"1 Box isi 10 Strip
 1 Strip isi 10 Tab";39;Ibuprofen 400 mg;Rp500,00
Kaflam 50 mg;Obat Keras;5;Tablet;19;"1 Box isi 3 Strip
 1 Strip isi 10 Tab";58;Na-Diclofenak 50 mg;Rp2.500,00
Kaltrofen suppositoria;Obat Keras;5;Tablet;19;"1 Box isi 2 Strip
 1 Strip isi 5 Supp";47;Ketoprofen 100 mg;Rp14.000,00
Mefinal 500 mg;Obat Keras;5;Tablet;19;"1 Box isi 10 Strip
 1 Strip isi 10 Tab";39;Asam Mefenamat 500 mg;Rp1.650,00
Meloxicam 15 mg;Obat Keras;5;Tablet;19;"1 Box isi 10 Strip
 1 Strip isi 10 Tab";39;Meloxicam 15 mg;Rp380,00
Na-Diclofenak tab;Obat Keras;5;Tablet;19;"1 Box isi 5 Strip
 1 Strip isi 10 Tab";65;Na-Diclofenak 50 mg;Rp447,00
Nephrolite;Jamu;2;Kapsul;10;"1 Box isi 20 Strip
 1 Strip isi 5 Tab";52;Ekstrak Orthosifon stamineus, Strobilantus crispus, Sonchus arvensis, Phyalnthus niruri;Rp480,00
Neuralgin Tab;Obat Keras;5;Tablet;19;"1 Box isi 10 Strip
 1 Strip isi 10 Tab";39;Methampyrone 500 mg, Thiamine HCl 50 mg, Pyridoxine HCl 10 mg, Cyanocobalamine 10 mcg, Trimethylxanthine 50 mg.;Rp750,00
Paracetamol 500 mg;Obat Bebas;3;Tablet;19;"1 Box isi 10 Strip
 1 Strip isi 10 Tab";39;Paracetamol 500 mg;Rp250,00
Acyclovir 400 mg;Obat Keras;5;Tablet;19;"1 Box isi 5 Strip
 1 Strip isi 10 Tab";65;Acyclovir 400 mg;Rp600,00
Amoxicillin 500 mg;Obat Keras;5;Tablet;19;"1 Box isi 10 Strip
 1 Strip isi 10 Tab";39;Amoxicillin 500 mg;Rp400,00
Cefadroxil 500 mg;Obat Keras;5;Tablet;19;"1 Box isi 10 Strip
 1 Strip isi 10 Tab";39;Cefadroxil 500 mg;Rp1.400,00
Cefixim 100 mg;Obat Keras;5;Tablet;19;"1 Box isi 10 Strip
 1 Strip isi 10 Tab";39;Cefixim 100 mg;Rp850,00
Ciprofloxacin 500 mg;Obat Keras;5;Tablet;19;"1 Box isi 10 Strip
 1 Strip isi 10 Tab";39;Ciprofloxacin 500 mg;Rp400,00
Clindamycin 300 mg;Obat Keras;5;Tablet;19;"1 Box isi 10 Strip
 1 Strip isi 10 Tab";39;Clindamycin 300 mg;Rp1.500,00
Compyrantel 250;Obat Keras;5;Tablet;19;"1 Box isi 10 Strip
 1 Strip isi 10 Tab";39;Pirantel pamoat 250 mg;Rp750,00
Cotrimoxazol 480 mg;Obat Keras;5;Tablet;19;"1 Box isi 10 Strip
 1 Strip isi 10 Tab";39;Trimethoprim 80mg, Sulfamethoxazole 400mg;Rp1.400,00
Fasiprim Forte 960 mg;Obat Keras;5;Tablet;19;"1 Box isi 10 Strip
 1 Strip isi 10 Tab";39;Trimetoprim 160 mg, Sulfametoksazol 800 mg;Rp1.300
FG Troches Tab;Obat Keras;5;Tablet;19;"1 Box isi 12 Strip
 1 Strip isi 10 Tab";44;Fradiomycin 2,5 mg dan gramicidin 1,0 mg;Rp1.300,00
Griseofulvin 500 mg;Obat Keras;5;Tablet;19;"1 Box isi 10 Strip
 1 Strip isi 10 Tab";39;Griseofulvin 500 Mg;Rp2.000,00
Ketoconazol 200 mg;Obat Keras;5;Tablet;19;"1 Box isi 10 Strip
 1 Strip isi 10 Tab";39;Ketoconazol 200 mg;Rp900,00
Lapicef 500 mg;Obat Keras;5;Tablet;19;"1 Box isi 10 Strip
 1 Strip isi 10 Tab";39;Cefadroxil 500 mg;Rp14.000,00
Levofloxacin 500 mg;Obat Keras;5;Tablet;19;"1 Box isi 10 Strip
 1 Strip isi 10 Tab";39;Levofloxacin 500 mg;Rp1.600,00
Metrodinazol 500 mg;Obat Keras;5;Tablet;19;"1 Box isi 10 Strip
 1 Strip isi 10 Tab";39;Metrodinazol 500 mg;Rp650,00
Sulcolon 500 mg;Obat Bebas;3;Tablet;19;"1 Box isi 10 Strip
 1 Strip isi 10 Tab";39;Sulfasalazine 500 mg;Rp5.000,00
Allopurinol 100 mg;Obat Keras;5;Tablet;19;"1 Box isi 10 Strip
 1 Strip isi 10 Tab";39;Allopurinol 100 mg;Rp400,00
Allopurinol 300 mg;Obat Keras;5;Tablet;19;"1 Box isi 10 Strip
 1 Strip isi 10 Tab";39;Allopurinol 300 mg;Rp400,00
Amlodipin 10 mg;Obat Keras;5;Tablet;19;"1 Box isi 10 Strip
 1 Strip isi 10 Tab";39;Amlodipin 10 mg;Rp500,00
Amlodipin 5 mg;Obat Keras;5;Tablet;19;"1 Box isi 10 Strip
 1 Strip isi 10 Tab";39;Amlodipin 5 mg;Rp400,00
Ar-gout 0.5 mg;Obat Keras;5;Tablet;19;"1 Box isi 3 Strip
 1 Strip isi 6 Tab";59;Cochicine 0.5 mg;Rp6.240,00
Asam Traneksamat 500 mg;Obat Keras;5;Tablet;19;"1 Box isi 10 Strip
 1 Strip isi 10 Tab";39;Asam Traneksamat 500 mg;Rp2.800,00
Aspilet 80 mg;Obat Keras;5;Tablet;19;"1 Box isi 10 Strip
 1 Strip isi 10 Tab";39;Acetylsalicylic Acid 80 mg;Rp600,00
Betahistin 6 mg;Obat Keras;5;Tablet;19;"1 Box isi 10 Strip
 1 Strip isi 10 Tab";39;Betahistin 6 mg;Rp833,00
Bisoprolol 5 mg;Obat Keras;5;Tablet;19;"1 Box isi 3 Strip
 1 Strip isi 10 Tab";58;Bisoprolol 5 mg;Rp2.300,00
Candesartan 16 mg;Obat Keras;5;Tablet;19;"1 Box isi 3 Strip
 1 Strip isi 10 Tab";58;Candesartan 16 mg;Rp850,00
Candesartan 8 mg;Obat Keras;5;Tablet;19;"1 Box isi 3 Strip
 1 Strip isi 10 Tab";58;Candesartan 8 mg;Rp700,00
Captopril 25 mg;Obat Keras;5;Tablet;19;"1 Box isi 10 Strip
 1 Strip isi 10 Tab";39;Captopril 25 mg;Rp150,00
Chlopromazine 25 mg;Obat Keras;5;Botol;1;1 Botol isi 50 Tab;23;Chlopromazine 25 mg;Rp275,00
Cholvastin Tab;Obat Keras;5;Tablet;19;"1 Box isi 10 Strip
 1 Strip isi 10 Tab";39;Lovastatin 20 mg;Rp12.000,00
Clopidogrel 75 mg;Obat Keras;5;Tablet;19;"1 Box isi 5 Strip
 1 Strip isi 10 Tab";65;Clopidogrel 75 mg;Rp1.800,00
Diazepam 2 mg;Obat Psikotropika;6;Tablet;19;1 Tablet isi 2 mg;77;Diazepam 2 mg;Rp1.760
Fenofibrate 100 mg;Obat Keras;5;Tablet;19;"1 Box isi 3 Strip
 1 Strip isi 10 Tab";58;Fenofibrate 100 mg;Rp2.000,00
Fenofibrate 300 mg;Obat Keras;5;Kapsul;10;"1 Box isi 3 Strip
 1 Strip isi 10 Tab";58;Fenofibrate 300 mg;Rp2.300,00
Furosemid 40 mg;Obat Keras;5;Tablet;19;"1 Box isi 10 Strip
 1 Strip isi 10 Tab";39;Furosemid 40 mg;Rp390,00
Gabapentin 300 mg;Obat Keras;5;Tablet;19;"1 Box isi 3 Strip
 1 Strip isi 10 Tab";58;Gabapentin 300 mg;Rp1.666,00
Glimepiride 1 mg;Obat Keras;5;Tablet;19;"1 Box isi 10 Strip
 1 Strip isi 10 Tab";39;Glimepiride 1 mg;Rp400,00
Glimepiride 2 mg;Obat Keras;5;Tablet;19;"1 Box isi 10 Strip
 1 Strip isi 10 Tab";39;Glimepiride 2 mg;Rp400,00
Glimepiride 4 mg;Obat Keras;5;Tablet;19;"1 Box isi 10 Strip
 1 Strip isi 10 Tab";39;Glimepiride 4 mg;Rp400,00
Gliquidone 30 mg;Obat Keras;5;Tablet;19;"1 Box isi 10 Strip
 1 Strip isi 10 Tab";39;Gliquidone 30 mg;Rp1.740,00
Glucophage 500 mg;Obat Keras;5;Tablet;19;"1 Box isi 10 Strip
 1 Strip isi 10 Tab";39;Glucophage 500 mg;Rp2.640,00
Hidroclorotiazida 25 mg;Obat Keras;5;Tablet;19;"1 Box isi 10 Strip
 1 Strip isi 10 Tab";39;Hidroclorotiazida 25 mg;Rp400,00
Isosorbide Dinitrate 5 mg;Obat Keras;5;Tablet;19;"1 Box isi 10 Strip
 1 Strip isi 10 Tab";39;Isosorbide Dinitrate 5 mg;Rp150,00
KSR (Potassium Chloride);Obat Keras;5;Tablet;19;"1 Box isi 10 Strip
 1 Strip isi 10 Tab";39;Potassium Chloride 600 mg;Rp2.375,00
Lelap;Jamu;2;Kapsul;10;"1 Box isi 25 Strip
 1 Strip isi 4 Tab";57;Valerianae 250 mg, Myristicae 115 mg, Eleuthroginseng 100 mg, Polygalae 135 mg;Rp350,00
Metformin 500 mg;Obat Keras;5;Tablet;19;"1 Box isi 20 Strip
 1 Strip isi 10 Tab";51;Metformin 500 mg;Rp350,00
Potasium permanganat;Obat Keras;5;Serbuk;16;1 box isi 500 gr;70;Potasium permanganat;Rp68.500,00
Puricemia 300 mg;Obat Keras;5;Tablet;19;"1 Box isi 10 Strip
 1 Strip isi 10 Tab";39;Allopurinol 300 mg;Rp4.230,00
Recolfar 0.5 mg;Obat Keras;5;Tablet;19;"1 Box isi 10 Strip
 1 Strip isi 10 Tab";39;Cochicine 0.5 mg;Rp830,00
Simvastatin 10 mg;Obat Keras;5;Tablet;19;"1 Box isi 10 Strip
 1 Strip isi 10 Tab";39;Simvastatin 10 mg;Rp200,00
Simvastatin 20 mg;Obat Keras;5;Tablet;19;"1 Box isi 5 Strip
 1 Strip isi 10 Tab";65;Simvastatin 20 mg;Rp360,00
Urdafalk 250 mg;Obat Keras;5;Tablet;19;"1 Box isi 6 Strip
 1 Strip isi 5 tab";73;Ursodeoxycholic acid 250 mg;Rp12.500,00
Valisanbe Inj.;Obat Psikotropika;6;Injeksi;8;1 Amp isi 2 ml;1;Diazepam 5 mb/2ml;Rp26.330,00
Valsartan 80 mg;Obat Psikotropika;6;Tablet;19;"1 Box isi 3 Strip
 1 Strip isi 10 Tab";58;Valsartan 80 mg;Rp12.500,00
Alco plus syr 100 ml;Obat Keras;5;Sirup;17;1 Botol isi 100 Ml;16;Pseudoephedrine HCl 30, Brompheniramine maleate 2;Rp75.625,00
Antasida syr 60 ml;Obat Bebas;3;Sirup;17;1 Botol isi 60 Ml;27;Aluminium hydroxide 200 mg, Magnesium hydroxide 200 mg;Rp5.000,00
Bisolvon Syr 60 ml;Obat Bebas Terbatas;4;Sirup;17;1 Botol isi 60 ml;27;Bromhexine 4 mg, Guaifenesin100 mg;Rp59.900,00
Domperidone Syr 60 ml;Obat Bebas;3;Sirup;17;1 Botol isi 60 ml;27;Domperidon 5 mg/ 5 mL;Rp16.000
OBH Combi syr 100 ml;Obat Bebas Terbatas;4;Sirup;17;1 Botol isi 100 Ml;16;Succus Liquiritiae Extract 167 mg, Paracetamol 150 mg, Ammonium Chloride 50 mg, Ephedrine HCl 2,5 mg, Chlorpheniramine Maleate 1 mg, Alkohol 2%;Rp17.500,00
Plantacid Forte syr 100 ml;Obat Bebas;3;Sirup;17;1 Botol isi 100 Ml;16;Al(OH)3 300 mg, Mg(OH)2 300 mg, Dimethylpolysiloxane 30 mg;Rp27.500,00
Sanadryl syr DMP 60 ml;Obat Bebas Terbatas;4;Sirup;17;1 Botol isi 60 Ml;27;"Dextromethorphan HBr 10 mg, Diphenhydramine HCl 12.5 mg,
Ammonium Chloride 100 mg, Sodium citrate 50 mg, Menthol 1 mg";Rp16.000,00
Siladex biru syr 60 ml;Obat Bebas Terbatas;4;Sirup;17;1 Botol isi 60 Ml;27;DMP HBr 7,5 mg, pseudoefedrin 15 mg, doxylamine succinate 2 mg;Rp30.250,00
Siladex hijau syr 60 ml;Obat Bebas Terbatas;4;Sirup;17;1 Botol isi 60 Ml;27;Bromhexine HCI 10 mg Guaifenesin 50 mg;Rp15.000,00
Siladex merah syr 60 ml;Obat Bebas Terbatas;4;Sirup;17;1 Botol isi 60 Ml;27;Chlopheniramine maleate 1mg, Dextromethorphan Hydrobromide 15mg.;Rp20.000,00
Sucralfat syr 100 ml;Obat Bebas;3;Sirup;17;1 Botol isi 100 Ml;16;Sucralfate 500 mg.;Rp15.000,00
Woods syr 100 ml;Obat Bebas Terbatas;4;Sirup;17;1 Botol isi 100 Ml;16;Bromhexine HCl 4 mg, guaifenesin 100 mg;Rp23.000,00
Aclyclovir 5% zalf 5 g;Obat Keras;5;Salep;13;1 Box isi 25 pcs;56;Acyclovir 50 mg;Rp4.300,00
Baycuten-N cr;Salep;7;Salep;13;1 Tube 5 gr;78;Dexamethason 0.4 mg, Clotrimazole 10 mg;Rp75.700,00
Betason-N zalf 5 g;Obat Keras;5;Salep;13;1 box isi 24 pcs;55;Betamethasone valerate 0.1%, neomycin sulfate 0.5%;Rp17.500,00
Bioplacenton gel 15 g;Obat Keras;5;Salep;13;1 Box isi 6 pcs;71;Placenta extract 10%, Neomycin sulfate 0,5%;Rp20.000,00
Bufacomb zalf 5 g;Obat Keras;5;Salep;13;1 Tube isi 5 gr;85;Triamcinolon 5 g;Rp18.000,00
Burnazin Zalf 35 g;Obat Keras;5;Salep;13;1 Tube isi 35 gr;84;Silver Sulfadiazine 10 mg;Rp59.500
Callusol 10 ml;Obat Keras;5;Cair;2;1 Botol isi 10 Ml;14;Asam salisilat 0,2 gram, Polidocanol 0,02 gram, Asam laktat 0,05 gram.;Rp30.000,00
Canesten Cream;Obat Bebas Terbatas;4;Salep;13;1 Tube 5 gr;78;Bifonazol 1 %;Rp25.000
Cendo Lyteers 15 ml;Obat Bebas;3;Tetes Mata;20;1 Box isi 50 pcs;67;Sodium chloride 4.40 mg dan Potassium chloride 0.80;Rp22.500,00
Cendo pantocain 5 ml;Obat Keras;5;Tetes Mata;20;1 Botol isi 5 Ml;22;Tetracaine Hydrochloride 2%;Rp18.000,00
Cendo Xitrol 5 ml;Obat Keras;5;Tetes Mata;20;1 Botol isi 5 Ml;22;"Dexamethasone/Deksametason 0,1 %, Neomisin sulfat 3,5 mg/mL,
Polimiksin B sulfat 6000 iu/mL";Rp27.000,00
Digenta zalf 10 g;Obat Keras;5;Salep;13;1 Tube isi 10 gr;79;Gentamycin 0.1% dan Betamethasone 0.05%;Rp136.200,00
Epitel cream 10 gr;Obat Bebas;3;Cream;4;1 Tube isi 10 gr;79;"zinc oxide, lanolin, ribes ningrum, (black currant) seed oil,
cardiospernum halicacabun flower";Rp50.000,00
Erlamycetin 1% Salep mata;Obat Keras;5;Cream;4;1 Tube isi 3.5 gr;82;Chloramphenicol 1%;Rp16.700,00
Erlamycetin Ear Drop 10 ml;Obat Keras;5;Tetes Telinga;21;1 Botol isi 10 ml;14;Chloramphenicol 1%;Rp22.500,00
Erlamycetin Eye Drop 5 ml;Obat Keras;5;Tetes Mata;20;1 Botol isi 5 ml;22;Chloramphenicol base 5 mg, Dexamethasone sodium phospate 1 mg;Rp20.000,00
Erymed Gel 2% 15 Gr;Obat Keras;5;Cream;4;1 Tube isi 15 gr;80;Erythromycin 20 mg.;Rp31.000,00
Floxa 5 ml;Obat Keras;5;Tetes Telinga;21;1 Botol isi 10 Ml;14;Ofloxacin 0.3%;Rp41.000,00
Forumen 10 ml;Obat Bebas;3;Tetes Telinga;21;1 Botol isi 10 ml;14;Docusate Sodium 5 mg;Rp33.400,00
Genoint zalf 15 gr (Salep Kulit);Obat Keras;5;Salep Kulit;14;1 Tube isi 15 gr;80;Gentamicin sulfate 0.1%;Rp5.000,00
Genoint zalf Mata 3.5 gr (Salep Mata);Obat Keras;5;Salep Mata;15;1 Tube isi 3.5 gr;82;Gentamicin sulfate 0.1%;Rp14.300,00
Gentamicin Salep Kulit 0.1% 5 g;Obat Keras;5;Salep Kulit;14;1 Tube isi 5 gr;85;Gentamicin sulfate 0.1%;Rp11.000
Gom glyserin 8 ml;Obat Bebas Terbatas;4;Cairan;3;1 Botol isi 8 ml;28;Borax glycerin 10%;Rp6.300,00
Hot In Cream 60gr;Obat Bebas Terbatas;4;Cream/Botol;5;1 Botol isi 60 gr;26;Menthol 70 Mg, Metil Salisilat 25 Mg, Eucalyptus Oil 1 Mg, Sereh Oil 1 Mg, Pine Oil 2,5 Mg;Rp19.300,00
Hot In Cream Tube 60g;Obat Bebas Terbatas;4;Cream;4;1 Tube isi 60 gr;86;menthol crystal 6%, gandapura oil 3,5% , Eucaliptus oil, sereh oil, piine oil;Rp25.500,00
Hot In DCL;Obat Bebas Terbatas;4;Cream;4;1 Tube isi 60 gr;86;Diclofenac Diethylamine 11.6mg;Rp39.800,00
Ichtiol zalf 15 g;Obat Bebas Terbatas;4;Salep;13;1 Tube isi 15 gr;80;Ichtyol Ointment 15 g;Rp15.000,00
Iliadin Nasal Spray 0.05% 10 ml;Obat Bebas Terbatas;4;Spray Hidung;18;1 Botol isi 10 ml;14;Oxymetazoline HCl 0,05%;Rp79.000,00
Inerson zalf 15 g;Obat Keras;5;Salep;13;1 Tube isi 15 gr;80;Desoximetasone 0.25%;Rp120.000,00
Miconazol 2% Salep 10 g;Obat Bebas;3;Cream;4;1 box isi 24 pcs;55;Miconazole nitrate 2%;Rp4.000,00
Reco Dry eye;Obat Keras;5;Tetes Mata;20;1 Botol isi 5 ml;22;Chloramphenicol 0.5%;Rp10.643,00
Sagestam Salep Kulit;Obat Keras;5;Salep;13;1 Tube isi 10 gr;79;Gentamicin 0.1%;Rp23.200,00
Salep 2-4 15 g;Obat Bebas;3;Salep;13;1 box isi 24 pcs;55;Acidum salycylicum 2%, sulfur praecipitate 4%;Rp5.000,00
Scabimit cream 30 g;Obat Keras;5;Gel;7;1 Tube isi 30 gr;83;Permethrin 5%;Rp70.000,00
Thrombogel Gel 10 gr;Obat Bebas Terbatas;4;Gel;7;1 Tube isi 10 gr;79;Heparin natrium 5.000 IU dan benzyl nicotinate 250 mg;Rp53.500,00
Thrombophob Gel 20 gr;Obat Bebas Terbatas;4;Gel;7;1 Tube isi 20 gr;81;Thymol 10 mg, menthol 20mg, camphor 600mg, paraffin liquid 10 ml.;Rp73.400,00
Vital ear oil 10 ml;Obat Bebas;3;Tetes Mata;20;1 Botol isi 10 ml;14;"Distilled witch hazel 13.0% v/v, Benzalkonium chloride 0.005% w/v,
Dalam larutan yang diberi dapar Borax dan Boric acid";Rp15.000,00
y-rins 12 ml;Obat Bebas;3;Cuci Mata;6;"1 Box isi 2 Botol
 1 Botol isi 12 ml";45;Distilled Witch Hazel 13%;Rp18.000,00
Aminophylin Inj 24 mg;Obat Keras;5;Injeksi;8;"1 Box isi 30 Amp
 1 Amp isi 10 ml";60;Aminophylin Inj 24 mg;Rp. 8.700,00
Asam Traneksamat inj;Obat Keras;5;Injeksi;8;"1 Box isi 10 Amp
 1 Amp isi 5 ml";35;Asam Traneksamat 100 mg;Rp8.000,00
Atropine Sulfat;Obat Keras;5;Injeksi;8;1 Ampul isi 5 ml;11;Atropine Sulfate 0.25 mg;Rp. 7.480,00
Biosave inj 5 ml;Obat Keras;5;Injeksi;8;1 Ampul isi 5 ml;11;"Agkistrodon rhodostoma ≥10 LD50, Bungarus fasciatus ≥25 LD50,
Naja sputatrix ≥25 LD50, phenol 2.5 mg.";Rp. 1.950.000,00
Bisolvon solution 50 ml;Obat Bebas Terbatas;4;Injeksi;8;1 Ampul isi 50 ml;12;Bromhexine 2 mg;Rp105.000,00
Buscopan Inj 1 ml;Obat Keras;5;Injeksi;8;"1 Box isi 10 Amp
 1 Amp isi 1 ml";33;Hyoscine butylbromide 20 mg/ml;Rp45.000,00
Ceftriaxon inj 1 g;Obat Keras;5;Injeksi;8;"1 Box isi 2 Vial
 1 Vial isi 1 gr";48;Ceftriaxon inj 1 g;Rp28.000,00
Cernevit;Obat Keras;5;Vial;22;1 Vial isi 750 mg;88;"Retinol 3.500 IU, Cholecalciferol 220 IU, Alphatocopherol 11,2 IU,
Ascorbic acid 125 mg, Thiamine 3,51 mg, Riboflavine 4,14 mg,
Pyridoxine 4,53 mg,Cyanocobalamine 0,006 mg, Folic acid 0,414 mg,
Pantothenic acid 17,25 mg,Biotin 0,069 mg, Nicotinamide 46 mg. Eksipien: Glycine 250 mg,
Glycocholic acid 140 mg, Soya Lecithin 112,5 mg, Sodium hydroxide";Rp295.000,00
Citicolin inj 250 mg;Obat Keras;5;Injeksi;8;"1 Box isi 10 Amp
 1 Amp isi 1 ml";33;Citicolin inj 250 mg;Rp7.500,00
Combivent UDV;Obat Keras;5;Vial;22;"1 Box isi 20 Unit dose
 1 Unit Dose isi 2.5 ml";53;Ipratropium Bromide 0.52 mg, Salbutamol sulphate 3.01 mg;Rp10.000
Dexamethason Inj 5 mg;Obat Keras;5;Injeksi;8;"1 Box isi 100 Amp
 1 Amp isi 1 ml";42;Dexamethason Inj 5 mg;Rp5.000,00
Dextrosa 40 %;Obat Keras;5;Cair;2;1 Botol isi 25 ml;20;Dextrose Anhydrate 40%;Rp18.000,00
Dextrosa 5 %;Obat Keras;5;Cair;2;1 Botol isi 100 ml;16;Dextrose Anhydrate 5%;Rp13.500,00
Epineprin Inj 1 mg;Obat Keras;5;Injeksi;8;1 Ampul isi 1 ml;3;Epineprin Inj 1 mg;Rp16.500,00
Ketorolac Inj 30 mg;Obat Keras;5;Injeksi;8;"1 Box isi 10 Amp
 1 Amp isi 1 ml";33;Ketorolac Tromethamine 30 mg/mL;Rp3.000,00
Nebacetin powder 5 g;Obat Keras;5;Vial;22;1 Ampul isi 5 g;10;Neomycin sulfate 5 mg, Bacitracin 250 IU;Rp31.800,00
Nacl 100 ml;Obat Keras;5;Cair;2;1 Botol isi 100 mg;15;Natrium Klorida 0.9 g Aqua pro injeksi hingga 100 ml;Rp8.000,00
Nacl 500 ml;Obat Keras;5;Cair;2;1 Botol isi 500 mg;24;Natrium Klorida 0.9 g Aqua pro injeksi hingga 500 ml;Rp18.000,00
Neurobion 5000;Obat Keras;5;Injeksi;8;"1 Box isi 20 Pasang Amp
 1 Amp isi 1 ml";50;"100 mg vitamin B1 dan 100 mg vitamin B6,
Sedangkan ampul kedua mengandung 5 mg vitamin B12";Rp31.800,00
Neurosanbe 5000 Inj 3 ml;Obat Keras;5;Injeksi;8;1 Ampul isi 3 ml;7;Thiamine 100 mg, Pyridoxin 100 mg, Cobalamin 5000 mcg.;Rp24.500,00
Omeprazole inj 40 mg;Obat Keras;5;Injeksi;8;1 Ampul isi 40 mg;9;Omeprazole 40 mg;Rp22.500,00
Ondancentron Inj 4 mg;Obat Keras;5;Injeksi;8;1 Ampul isi 4 ml;8;Ondancentron 4 mg;Rp3.500,00
Pantoprazole inj 40 mg;Obat Keras;5;Injeksi;8;1 Ampul isi 40 mg;9;Pantoprazole 40 mg;Rp95.000,00
Paracetamol Infus 100 ml;Obat Keras;5;Injeksi;8;1 Botol isi 100 mg;15;Paracetamol 1000 mg;Rp21.000,00
Pehacain Inj 2 ml;Obat Keras;5;Injeksi;8;1 Ampul isi 2 ml;5;Lidocaine 20 mg dan Epinephrine 0.0125 mg/mL;Rp6.500,00
Piracetam inj 1 g;Obat Keras;5;Injeksi;8;1 Ampul isi 1 g;2;Piracetam 1 g;Rp14.900,00
Pulmicort 0.25 mg/ml;Obat Keras;5;Vial;22;"1 Box isi 20 Amp
 1 Amp isi 1 ml";49;Budesonide 0.25 mg;Rp18.750,00
Ranitidin Inj 25mg;Obat Keras;5;Injeksi;8;"1 Box isi 10 Amp
 1 Amp isi 2 ml";34;Ranitidin 25mg;Rp2.500,00
Recodryl inj 15 ml;Obat Keras;5;Injeksi;8;1 Ampul isi 15 ml;4;Diphenhydramine Hydrochloride 10 mg/mL.;Rp7.000,00
RL 500 ml;Obat Keras;5;Injeksi;8;1 Botol isi 500 mg;24;"Natrium klorida 0.6%, natrium laktat 0,25%, kalium klorida 0,04%,
kalsium klorida 0,027%";Rp12.000,00
Sanmol infus 100 ml;Obat Keras;5;Injeksi;8;1 Botol isi 100 mg;15;Paracetamol 1000 mg;Rp85.000,00
Santagesik inj 2 ml;Obat Keras;5;Injeksi;8;1 Ampul isi 2 ml;5;Metamizole sodium 500 mg;Rp12.800,00
Tetagram 1 ml;Obat Keras;5;Injeksi;8;1 Ampul isi 1 ml;3;Imunoglobulin human tetanus 250 IU/ML;Rp275.000,00
Ventolin nebules 2.5mg;Obat Keras;5;Cair;2;"1 Box isi 4 Strip
 1 Strip isi 5 Amp";63;Salbutamol sulfat 2.5 mg;Rp11.250,00
Vitamin C Inj 200 mg;Obat Keras;5;Injeksi;8;1 Ampul isi 200 mg;6;Vitamin C 200 mg/mL;Rp12.000,00
Fleet Enema;Obat Bebas Terbatas;4;Gel;7;1 Botol isi 133 ml;18;Monobasic Na phosphate 19 g, dibasic Na phosphate 7;Rp137.110,00
Minyak kayu putih 15 ml;Herbal;1;Cair;2;1 Botol isi 15 ml;19;Minyak atsiri (Sineol 1.8%);Rp11.000,00
Minyak Tawon DD 30 ml;Herbal;1;Cair;2;1 Botol is 30 ml;13;"Minyak kelapa (coconut oil), minyak kayu putih (cajuput oil), minyak sereh,
daun lada, rimpang jahe (ginger), rimpang kunyit, bawang merah (onio)";Rp21.500,00
M-Y Lubricant Jelly 80gram;Obat Bebas;3;Gel;7;1 Tube isi 80gram;87;Glycerine, Propylene Glycol, Hydroxyethyl Cellulose, Preservative, Deionizwd;Rp107.000,00
Favipiravir 200 mg;Obat Keras;5;Tablet;19;1 Box isi 10 Strip;38;Favipiravir 200 mg;Rp25.000,00
N-Aseltylsistein;Obat Keras;5;Tablet;19;1@6 Strip;94;N-Acetylcysteine 200 mg;Rp446,00
Hua Ziang Zheng;Obat Bebas;3;Cair;2;1@5 pcs;93;Herbal Cina;Rp41.990,00
Ivermectin 12 mg Tab;Obat Keras;5;Tablet;19;1@1 Strip;92;Ivermectin 12 mg Tab;Rp7.712,00
Lung Cleansing & Detoxfying;Obat Bebas;3;Serbuk;16;1@1 Sachet;91;-;Rp608.000,00
Qing Fei Pai Du Tang;Obat Bebas;3;Kapsul;10;1@ 10 Sachet;89;Herbal Cina;Rp1.498,00
Rhea Healt;Obat Bebas;3;Cair;2;1@ 30 ml;90;Herbal Cina;Rp180.000,00
GoodLife 1000 mg;Suplemen;8;Tablet;19;1 Botol isi 30 tab;21;Vitamin C 1,000 mg, echinacea 25,000 mcg, Zn 10 mg;Rp. 195.000,00
GoodLife 500 mg;Suplemen;8;Tablet;19;1 Botol isi 30 tab;21;Kalsium askorbat 605 mg yang setara dengan vitamin C 500 mg;Rp. 133.500,00
Vitamin Hi-D 1000;Suplemen;8;Tablet;19;1 Box isi 5 Strip;64;Cholecalciferol 1000 IU setara dengan Vitamin D3 25 mikrogram;Rp3.700,00
Gliserol 98%;Obat Bebas;3;Gel;7;1 Botol isi 1000 ml;17;-;Rp. 31.000,00
Venaron Capsul;Herbal;1;Tablet;19;1 box @100 Tab;30;Ekstrak Sapora japanicae Flos 100 mg, Citrus aurantum Fructus 450 mg.;Rp2.600,00
Ventolin Nebules 2,5 mg;Obat Keras;5;Pieces;11;1 box @20 Pcs;31;Salbutamol Nebules 2,5 mg;Rp13.020,00
Vitacimin;Obat Bebas;3;Tablet;19;1 box @100 Tab;30;Acidum Ascorbicum 250 mg, Natrii Ascorbas 281,25 mg;Rp1.000,00
Vital ear oil 10 ml;Obat Bebas;3;Pieces;11;1 pcs @10 ml;75;Thymol 10 mg, menthol 20mg, camphor 600mg, paraffin liquid ad 10 ml.;Rp15.000,00
Vitamin C Inj 200mg/2ml;Obat Keras;5;Injeksi;8;1 box @100 Pcs;29;Vitamin C Inj 200mg/2ml;Rp. 13.000,00
Vitamin C Tab;Obat Bebas;3;Tablet;19;1 box @100 Tab;30;Vitamin C 500 mg;Rp1.000,00
Vitamin Hi-D 1000;Obat Keras;5;Tablet;19;1 box @30 Tab;32;Cholecalciferol 1000 IU setara dengan Vitamin D3 25 mikrogram;Rp87.400,00
Winatin 10 mg;Obat Keras;5;Tablet;19;1 box @100 Tab;30;Loratadin 10mg;Rp1.040,00
Xepazym;Obat Bebas;3;Tablet;19;1 box @30 Tab;32;Pancreatin 170 mg, Simethicone 80 .;Rp3.000,00
Y-rins 12 ml;Obat Bebas;3;Pieces;11;1 pcs @12 ml;76;Distilled witch hazel 13.0% v/v, Benzalkonium chloride 0.005% w/v, Dalam larutan yang diberi dapar Borax dan Boric acid;Rp18.000,00
Zinc sulfat 20 mg;Obat Bebas Terbatas;4;Tablet;19;1 box @100 Tab;30;Zinc sulfat 20 mg;Rp400,00
